age,sex,bmi,children,smoker,region,expenses
44,male,31.4,1,yes,northeast,39556.49
19,male,25.6,0,no,northwest,1632.56
18,male,33.8,1,no,southeast,1725.55
51,female,35.0,2,yes,northeast,44641.2
59,female,35.2,0,no,southeast,12244.53
56,female,26.6,1,no,northwest,12044.34
30,female,27.7,0,no,southwest,3554.2
48,female,27.4,1,no,northeast,9447.38
46,female,35.5,0,yes,northeast,42111.66
58,male,23.3,0,no,southwest,11345.52
56,female,25.7,0,no,northwest,11454.02
54,female,23.0,3,no,southwest,12094.48
32,female,31.5,1,no,northeast,5148.55
27,female,31.4,0,yes,southwest,34838.87
19,male,17.5,0,no,northwest,1621.34
40,male,29.9,2,no,southwest,6600.36
19,female,22.5,0,no,northwest,2117.34
40,male,41.7,0,no,southeast,5438.75
64,male,37.9,0,no,northwest,14210.54
53,male,36.1,1,no,southwest,10085.85
62,male,32.0,0,yes,northeast,45710.21
27,female,23.2,1,no,southeast,3561.89
42,male,26.1,2,no,northeast,7729.65
49,male,29.8,1,no,northeast,9288.03
19,female,24.5,1,no,northwest,2709.11
46,male,43.9,3,no,southeast,8944.12
18,female,31.9,0,no,northeast,2205.98
54,male,24.0,0,no,northeast,10422.92
27,male,32.7,0,no,southeast,2497.04
19,female,40.5,0,no,southwest,1759.34
61,male,32.3,2,no,northwest,14119.62
45,male,24.3,5,no,southeast,9788.87
30,male,37.8,2,yes,southwest,39241.44
45,female,40.0,3,no,northeast,9704.67
48,male,29.6,0,no,southwest,21232.18
40,female,28.7,3,no,northwest,8059.68
22,male,31.7,0,no,northeast,2254.8
24,female,33.3,0,no,northwest,2855.44
57,male,34.0,0,no,northwest,11356.66
44,male,30.7,2,no,southeast,7731.43
46,male,22.3,0,no,southwest,7147.11
47,male,25.5,2,no,northeast,9225.26
49,female,23.2,2,no,northwest,10156.78
39,female,32.8,0,no,southwest,5649.72
26,male,23.7,2,no,southwest,3484.33
57,male,42.1,1,yes,southeast,48675.52
59,male,27.5,1,no,southwest,12333.83
48,male,29.7,0,no,southeast,7789.64
34,female,23.6,0,no,northeast,4992.38
29,female,25.9,0,no,southwest,3353.28
32,male,37.3,1,no,northeast,4667.61
19,male,34.1,0,no,southwest,1261.44
53,female,22.9,1,yes,southeast,23244.79
30,male,31.6,3,no,southeast,4837.58
64,male,23.8,0,yes,southeast,26926.51
43,female,34.4,3,no,southwest,8522.0
46,female,20.0,2,no,northwest,9193.84
20,male,39.4,2,yes,southwest,38344.57
53,female,36.9,3,yes,northwest,46661.44
18,male,26.2,2,no,southeast,2304.0
29,female,21.9,0,yes,northeast,16115.3
55,female,30.5,0,no,southwest,10704.47
51,male,32.3,1,no,northeast,9964.06
33,female,18.5,1,no,southwest,4766.02
56,female,41.9,0,no,southeast,11093.62
39,female,34.3,5,no,southeast,8596.83
47,female,27.6,2,yes,northwest,24535.7
27,female,32.4,1,no,northeast,18903.49
62,female,31.7,0,no,northeast,14043.48
53,female,33.3,0,no,northeast,10564.88
20,female,21.8,0,yes,southwest,20167.34
43,male,23.2,0,no,southwest,6250.44
46,female,28.1,1,no,southeast,8233.1
48,male,40.2,0,no,southeast,7804.16
20,male,35.3,1,no,southeast,27724.29
33,female,32.9,2,no,southwest,5375.04
50,female,26.2,2,no,northwest,10493.95
34,female,30.2,1,yes,northwest,43943.88
32,male,28.9,0,no,northwest,3866.86
40,male,19.8,1,yes,southeast,17179.52
40,female,28.1,1,yes,northeast,22331.57
24,female,25.3,0,no,northeast,3044.21
40,male,30.9,4,no,northwest,8162.72
21,male,20.2,3,no,northeast,3861.21
52,male,36.8,2,no,northwest,26467.1
49,female,21.3,1,no,southwest,9182.17
26,female,29.5,1,no,southeast,3392.37
43,male,30.1,3,no,northwest,8410.05
20,female,26.8,1,yes,southeast,17085.27
30,female,30.9,3,no,southwest,5325.65
18,male,21.6,0,yes,northeast,13747.87
52,female,30.8,1,no,northeast,10797.34
31,male,30.9,0,no,northeast,3857.76
34,male,21.4,0,no,northeast,4500.34
36,male,35.2,1,yes,southeast,38709.18
64,male,25.6,2,no,southwest,14988.43
25,male,27.6,0,no,northwest,2523.17
41,male,30.6,2,no,northwest,7256.72
58,female,25.2,0,no,southwest,11837.16
53,female,26.6,0,no,northwest,10355.64
48,female,28.9,0,no,southwest,8277.52
34,male,32.8,1,no,southwest,14358.36
52,female,44.7,3,no,southwest,11411.69
19,female,23.4,2,no,southwest,2913.57
22,male,28.3,1,no,northwest,2639.04
42,female,29.5,2,no,southeast,7640.31
21,female,32.7,2,no,northwest,26018.95
54,female,28.9,2,no,northeast,12096.65
52,female,18.3,0,no,northwest,9991.04
55,female,35.2,0,yes,southeast,44423.8
38,male,34.7,2,no,southwest,6082.41
36,female,25.9,1,no,southwest,5472.45
47,male,28.2,3,yes,northwest,24915.22
61,male,36.3,1,yes,southwest,47403.88
22,male,35.6,0,yes,southwest,35585.58
58,male,49.1,0,no,southeast,11381.33
42,male,36.0,2,no,southeast,7160.33
57,female,28.7,0,no,southwest,11455.28
34,male,42.1,2,no,southeast,5124.19
43,female,34.6,1,no,northwest,7727.25
29,female,32.1,2,no,northwest,4922.92
52,male,26.4,3,no,southeast,25992.82
40,female,22.2,2,yes,southeast,19444.27
20,male,27.3,0,yes,southwest,16232.85
53,male,21.4,1,no,southwest,10065.41
45,male,33.7,1,no,southwest,7445.92
58,female,31.8,2,no,northeast,13607.37
34,female,26.7,1,no,southeast,5002.78
45,male,23.6,2,no,northeast,8603.82
32,female,29.6,1,no,southeast,4562.84
20,female,22.4,0,yes,northwest,14711.74
35,female,28.0,0,yes,northwest,20234.85
27,female,30.4,3,no,northwest,18804.75
28,female,37.6,1,no,southeast,3766.88
64,female,30.1,3,no,northwest,16455.71
56,male,22.1,0,no,southwest,10577.09
59,male,37.4,0,no,southwest,21797.0
59,male,41.1,1,yes,southeast,48970.25
51,female,37.7,1,no,southeast,9877.61
42,female,40.4,2,yes,southeast,43896.38
37,female,27.7,3,no,northwest,7281.51
56,male,33.7,0,no,northwest,10976.25
19,female,28.4,1,no,southwest,2331.52
29,male,31.7,2,no,northwest,4433.39
31,female,23.6,2,no,southwest,4931.65
36,male,34.4,2,no,southeast,5584.31
22,male,26.8,0,no,southeast,1665.0
55,male,27.6,0,no,northwest,10594.5
64,female,39.7,0,no,southwest,14319.03
18,male,33.3,0,no,southeast,1135.94
51,male,30.0,1,no,southeast,9377.9
25,female,42.1,1,no,southeast,3238.44
43,female,35.7,2,no,northeast,19144.58
45,female,31.8,0,no,southeast,17929.3
63,male,39.8,3,no,southwest,15170.07
52,female,31.2,0,no,southwest,9625.92
24,male,32.0,0,no,southeast,1981.58
30,female,39.1,3,yes,southeast,40932.43
53,female,28.1,3,no,southwest,11741.73
59,male,29.8,3,yes,northeast,30184.94
57,male,29.0,0,yes,northeast,27218.44
49,male,37.5,2,no,southeast,9304.7
56,male,26.7,1,yes,northwest,26109.33
18,male,35.2,1,no,southeast,1727.54
18,male,23.2,0,no,southeast,1121.87
62,female,29.9,0,no,southeast,13457.96
56,female,28.6,0,no,northeast,11658.12
35,female,35.9,2,no,southeast,5836.52
50,male,34.2,2,yes,southwest,42856.84
39,male,32.3,2,no,southeast,6338.08
42,female,26.2,1,no,southeast,7046.72
39,male,28.3,1,yes,southwest,21082.16
23,male,26.5,0,no,southeast,1815.88
45,male,39.8,0,no,northeast,7448.4
29,male,22.5,3,no,northeast,5209.58
48,male,30.2,2,no,southwest,8968.33
33,female,39.8,1,no,southeast,4795.66
22,female,30.4,0,yes,northwest,33907.55
49,male,28.7,3,no,northwest,10264.44
19,male,27.3,2,no,northwest,22493.66
54,male,34.2,2,yes,southeast,44260.75
48,male,31.4,1,no,northeast,8964.06
53,female,26.7,2,no,southwest,11150.78
41,male,28.8,1,no,southwest,6282.24
28,female,34.8,0,no,northwest,3556.92
19,male,34.9,0,yes,southwest,34828.65
55,female,40.8,3,no,southeast,12485.8
63,female,31.8,0,no,southwest,13880.95
46,male,33.3,1,no,northeast,8334.46
27,male,30.5,0,no,southwest,2494.02
18,male,41.1,0,no,southeast,1146.8
53,female,35.9,2,no,southwest,11163.57
53,female,39.6,1,no,southeast,10579.71
30,male,28.7,3,yes,northwest,20745.99
38,male,21.1,3,no,southeast,6652.53
35,male,34.3,3,no,southeast,5934.38
55,male,35.2,1,no,northeast,11394.07
64,female,39.3,0,no,northeast,14901.52
18,female,25.1,0,no,northeast,2196.47
44,female,25.0,1,no,southwest,7623.52
59,female,26.5,0,no,northeast,12815.44
25,male,30.6,0,no,northeast,2727.4
18,female,26.7,0,no,southeast,1615.77
63,male,21.7,1,no,northwest,14349.85
19,male,35.5,0,no,northwest,1646.43
18,male,30.4,3,no,northeast,3481.87
47,male,29.8,3,yes,southwest,25309.49
54,male,25.1,3,yes,southwest,25382.3
28,female,23.8,2,no,northwest,4719.74
29,male,33.3,2,no,northwest,19442.35
42,male,37.2,2,no,southeast,7162.01
57,female,31.2,0,yes,northwest,43578.94
40,male,32.8,1,yes,northeast,39125.33
24,female,34.0,0,no,southeast,2473.33
56,female,39.8,0,no,southeast,11090.72
25,male,26.7,4,no,northwest,4877.98
26,male,31.1,0,no,northwest,2699.57
39,female,31.9,2,no,northwest,7209.49
64,male,37.0,2,yes,southeast,49577.66
44,male,22.1,2,no,northeast,8302.54
61,female,22.0,0,no,northeast,13616.36
48,female,32.3,2,no,northeast,10043.25
20,female,29.6,0,no,southwest,1875.34
50,female,27.4,0,no,northeast,25656.58
47,female,32.0,1,no,southwest,8551.35
64,male,38.2,0,no,northeast,14410.93
18,female,29.2,0,no,northeast,7323.73
43,female,30.7,2,no,northwest,8310.84
36,male,33.4,2,yes,southwest,38415.47
26,female,29.4,2,no,northeast,4564.19
46,male,39.4,1,no,northeast,8342.91
42,female,25.3,1,no,southwest,7045.5
18,male,16.0,0,no,northeast,1694.8
21,male,31.1,0,no,southwest,1526.31
24,male,26.8,1,no,northwest,12609.89
26,male,20.8,0,no,southwest,2302.3
37,male,28.0,2,no,northwest,6203.9
48,female,41.2,4,no,northwest,11033.66
18,male,26.1,0,no,northeast,1708.93
36,male,28.9,3,no,northeast,6748.59
18,female,37.3,1,no,southeast,2219.45
34,male,34.2,0,no,southeast,3935.18
26,male,30.9,2,no,northwest,3877.3
52,female,31.7,2,no,northwest,11187.66
51,female,34.1,0,no,southeast,9283.56
63,male,36.8,0,no,northeast,13981.85
26,male,29.5,0,no,northeast,2897.32
46,female,33.4,1,no,southeast,8240.59
49,female,27.2,0,no,southeast,8601.33
23,female,42.8,1,yes,northeast,40904.2
20,female,31.5,0,no,southeast,1877.93
33,female,19.1,2,yes,northeast,16776.3
47,female,24.3,0,no,northeast,8534.67
19,male,34.8,0,yes,southwest,34779.62
60,male,29.6,0,no,northeast,12731.0
56,female,27.2,0,no,southwest,11073.18
45,male,20.4,3,no,southeast,8605.36
31,female,26.6,0,no,southeast,3757.84
25,male,26.2,0,no,northeast,2721.32
39,male,29.9,1,yes,northeast,22462.04
48,male,34.3,3,no,southwest,9563.03
27,male,30.3,3,no,southwest,4260.74
58,female,33.1,0,no,southwest,11848.14
60,female,27.6,0,no,northeast,13217.09
35,male,24.4,3,yes,southeast,19362.0
44,male,38.1,1,no,southeast,7152.67
23,male,17.4,1,no,northwest,2775.19
18,female,39.8,0,no,southeast,1633.96
28,male,29.3,2,no,northeast,4438.26
30,male,24.1,1,no,northwest,4032.24
34,female,27.5,1,no,southwest,5003.85
47,female,29.4,1,no,southeast,8547.69
41,male,33.6,0,no,southeast,5699.84
46,male,40.4,2,no,northwest,8733.23
21,male,29.0,0,no,northwest,1906.36
58,female,36.5,0,no,northwest,12235.84
18,male,33.5,0,yes,northeast,34617.84
31,female,29.3,1,no,southeast,4350.51
54,male,32.8,0,no,northeast,10435.07
39,female,23.9,5,no,southeast,8582.3
43,male,25.5,5,no,southeast,14478.33
21,male,23.2,0,no,southeast,1515.34
49,male,30.9,0,yes,southwest,39727.61
46,male,26.6,1,no,southeast,7742.11
43,female,32.6,3,yes,southeast,40941.29
26,female,29.9,2,no,southeast,3981.98
47,male,25.4,1,yes,southeast,21978.68
35,male,36.7,1,yes,northeast,39774.28
25,female,34.5,0,no,northwest,3021.81
30,male,38.8,1,no,southeast,18963.17
47,female,45.3,1,no,southeast,8569.86
26,male,33.9,1,no,northwest,3292.53
48,male,35.6,4,no,northeast,10736.87
23,male,34.4,0,no,southwest,1826.84
41,female,21.8,1,no,northeast,13725.47
25,female,24.3,3,no,southwest,4391.65
38,female,27.8,2,no,northeast,7144.86
29,female,24.6,2,no,southwest,4529.48
26,female,42.4,1,no,southwest,3410.32
54,male,25.5,1,no,northeast,25517.11
26,female,28.8,0,no,northeast,3385.4
46,female,28.9,2,no,southwest,8823.28
23,female,33.4,0,no,southwest,10795.94
40,male,29.4,1,no,northwest,6393.6
19,female,30.6,2,no,northwest,24059.68
58,female,22.8,0,no,southeast,11833.78
46,male,24.8,3,no,northeast,9500.57
32,female,24.6,0,yes,southwest,17496.31
41,female,33.0,0,no,northwest,6571.02
19,male,30.4,0,no,southwest,1256.3
50,male,26.6,0,no,southwest,8444.47
29,female,29.6,1,no,southeast,3947.41
44,female,24.0,2,no,southeast,8211.1
28,female,24.3,1,no,northeast,23288.93
26,female,29.6,4,no,northeast,24671.66
24,female,22.6,0,no,southwest,2457.5
25,female,30.3,0,no,southwest,2632.99
28,male,23.8,2,no,southwest,3847.67
19,female,30.5,0,no,northwest,2128.43
48,male,37.3,2,no,southeast,8978.19
23,female,34.9,0,no,northeast,2899.49
19,male,37.0,0,yes,northwest,36219.41
19,male,44.9,0,yes,southeast,39722.75
35,female,35.8,1,no,northwest,5630.46
51,female,39.5,1,no,southwest,9880.07
63,female,37.7,0,yes,southwest,48824.45
49,male,25.8,1,no,northeast,9282.48
18,male,23.3,1,no,southeast,1711.03
35,female,43.3,2,no,southeast,5846.92
27,female,25.2,0,no,northeast,3558.62
34,female,29.3,3,no,southeast,6184.3
52,female,25.3,2,yes,southeast,24667.42
59,male,24.7,0,no,northeast,12323.94
24,male,29.3,0,no,southwest,1977.82
64,female,36.0,0,no,southeast,14313.85
42,male,24.6,0,yes,southeast,19515.54
58,male,34.4,0,no,northwest,11743.93
37,male,30.9,3,no,northwest,6796.86
64,male,26.4,0,no,northeast,14394.56
20,male,32.4,1,no,northwest,2362.23
47,male,36.2,1,no,southwest,8068.19
35,female,31.0,1,no,southwest,5240.77
31,female,32.7,1,no,northwest,4738.27
28,male,31.7,0,yes,southeast,34672.15
42,male,28.3,3,yes,northwest,32787.46
57,female,30.5,0,no,northwest,11840.78
52,male,30.2,1,no,southwest,9724.53
48,female,36.6,0,no,northwest,8671.19
37,female,17.3,2,no,northeast,6877.98
60,male,31.4,3,yes,northwest,46130.53
54,female,31.9,1,no,southeast,10928.85
23,male,35.2,1,no,southwest,2416.96
51,male,22.4,0,no,northeast,9361.33
57,female,31.8,0,no,northwest,11842.62
29,male,35.5,2,yes,southwest,44585.46
22,female,36.0,0,no,southwest,2166.73
27,female,18.0,2,yes,northeast,15006.58
36,male,41.9,3,yes,northeast,43753.34
60,female,24.5,0,no,southeast,12629.9
47,male,29.8,3,no,northwest,9620.33
62,male,30.9,3,yes,northwest,46718.16
20,male,30.1,5,no,northeast,4915.06
25,female,22.5,1,no,northwest,3594.17
31,female,25.7,0,no,southeast,3756.62
49,male,32.3,3,no,northwest,10269.46
61,female,21.1,0,no,northwest,13415.04
55,male,38.3,0,no,southeast,10226.28
47,male,19.6,1,no,northwest,8428.07
18,male,17.3,2,yes,northeast,12829.46
23,male,32.7,3,no,southwest,3591.48
27,female,24.1,0,no,southwest,2974.13
38,female,27.6,0,no,southwest,5383.54
18,male,38.2,0,yes,southeast,36307.8
33,male,33.4,5,no,southeast,6653.79
28,female,26.5,2,no,southeast,4340.44
47,female,33.9,3,no,northwest,10115.01
29,male,22.9,0,yes,northeast,16138.76
59,male,31.8,2,no,southeast,12928.79
53,male,30.5,0,no,northeast,10072.06
63,female,25.1,0,no,northwest,14254.61
35,female,34.8,1,no,southwest,5246.05
19,male,27.6,0,no,southwest,1252.41
23,female,24.2,2,no,northeast,22395.74
63,female,32.2,2,yes,southwest,47305.31
22,male,37.6,1,yes,southeast,37165.16
40,female,32.8,2,yes,northwest,40003.33
33,male,27.5,2,no,northwest,5261.47
31,female,25.8,2,no,southwest,4934.71
54,male,33.6,1,no,northwest,10825.25
39,female,23.3,3,no,northeast,7986.48
37,female,30.8,0,yes,northeast,37270.15
26,male,46.5,1,no,southeast,2927.06
29,male,32.1,2,no,northwest,4433.92
24,male,28.5,2,no,northwest,3537.7
18,female,32.1,2,no,southeast,2801.26
39,female,24.2,5,no,northwest,8965.8
46,male,33.4,1,no,northeast,8334.59
21,female,34.9,0,no,southeast,2020.55
23,male,50.4,1,no,southeast,2438.06
40,female,41.4,1,no,northwest,28476.73
19,female,35.2,0,no,northwest,2134.9
55,male,33.9,3,no,southeast,11987.17
39,male,21.9,1,no,northwest,6117.49
45,male,30.5,2,no,northwest,8413.46
27,male,18.9,3,no,northeast,4827.9
63,male,33.1,0,no,southwest,13393.76
20,female,30.6,0,no,northeast,2459.72
37,female,23.4,2,no,northwest,6686.43
19,female,27.9,3,no,northwest,18838.7
20,female,31.9,0,no,northwest,2261.57
31,male,39.5,1,no,southeast,3875.73
50,female,30.1,1,no,northwest,9910.36
19,male,20.7,0,no,southwest,1242.82
24,male,35.9,0,no,southeast,1986.93
18,male,43.0,0,no,southeast,1149.4
25,male,26.8,3,no,southwest,3906.13
50,male,31.8,0,yes,northeast,41097.16
46,female,23.7,1,yes,northwest,21677.28
20,female,24.4,0,yes,southeast,26125.67
27,female,24.8,0,yes,southeast,16577.78
18,male,23.0,0,no,northeast,1704.57
64,male,33.9,0,yes,southeast,46889.26
22,female,23.2,0,no,northeast,2731.91
61,female,33.3,4,no,southeast,36580.28
64,male,34.5,0,no,southwest,13822.8
47,male,36.1,1,yes,southeast,42211.14
52,male,34.1,0,no,southeast,9140.95
33,male,42.4,5,no,southwest,6666.24
50,female,27.8,3,no,southeast,19749.38
34,male,35.8,0,no,northwest,4320.41
21,female,33.6,2,no,northwest,3579.83
21,male,25.7,4,yes,southwest,17942.11
55,male,37.3,0,no,southwest,20630.28
27,male,26.0,0,no,northeast,3070.81
60,female,28.7,1,no,southwest,13224.69
18,female,31.1,0,no,southeast,1621.88
51,female,37.1,3,yes,northeast,46255.11
36,female,29.9,1,no,southeast,5478.04
41,female,37.1,2,no,southwest,7371.77
50,female,46.1,1,no,southeast,9549.57
49,female,41.5,4,no,southeast,10977.21
49,female,29.9,0,no,northwest,8988.16
21,female,17.4,1,no,southwest,2585.27
26,female,29.9,1,no,southeast,3392.98
19,female,21.7,0,yes,southwest,13844.51
60,male,33.1,3,no,southeast,13919.82
33,female,28.3,1,no,southeast,4779.6
31,female,30.5,3,no,northeast,6113.23
19,female,18.6,0,no,southwest,1728.9
53,male,28.6,3,no,southwest,11253.42
43,male,38.1,2,yes,southeast,42560.43
20,male,29.7,0,no,northwest,1769.53
30,female,32.4,1,no,southwest,4149.74
61,female,44.0,0,no,southwest,13063.88
25,male,29.7,3,yes,southwest,19933.46
19,male,33.1,0,no,southwest,23082.96
40,male,32.3,2,no,northwest,6986.7
51,male,24.8,2,yes,northwest,23967.38
47,female,36.6,1,yes,southeast,42969.85
42,male,24.6,2,yes,northeast,21259.38
49,female,33.3,2,no,northeast,10370.91
24,male,31.1,0,yes,northeast,34254.05
31,male,34.4,3,yes,northwest,38746.36
47,female,36.0,1,no,southwest,8556.91
18,female,40.2,0,no,northeast,2217.47
38,female,28.9,1,no,southeast,5974.38
26,male,32.5,1,no,northeast,3490.55
19,female,28.9,0,no,southwest,1743.21
21,male,35.5,0,no,southeast,1532.47
46,female,34.6,1,yes,southwest,41661.6
20,male,33.0,1,no,southwest,1980.07
58,female,41.9,0,no,southeast,24227.34
29,female,38.8,3,no,southeast,5138.26
41,male,40.3,0,no,southeast,5709.16
40,female,33.0,3,no,southeast,7682.67
42,male,30.0,0,yes,southwest,22144.03
21,female,25.8,0,no,southwest,2007.95
21,female,21.9,1,yes,northeast,15359.1
19,female,33.1,0,yes,southeast,34439.86
47,female,23.6,1,no,southwest,8539.67
26,male,29.2,1,no,southeast,2902.91
34,male,27.0,2,no,southwest,11737.85
62,male,21.4,0,no,southwest,12957.12
45,male,30.4,0,yes,southeast,62592.87
24,female,20.5,0,yes,northeast,14571.89
20,male,40.5,0,no,northeast,1984.45
54,male,40.6,3,yes,northeast,48549.18
31,female,32.8,2,no,northwest,5327.4
48,female,25.9,3,yes,southeast,24180.93
27,male,33.7,0,no,southeast,2498.41
59,male,26.4,0,no,southeast,11743.3
43,female,26.7,2,yes,southwest,22478.6
63,male,35.1,0,yes,southeast,47055.53
43,female,25.1,0,no,northeast,7325.05
25,male,23.9,5,no,southwest,5080.1
55,female,29.8,0,no,northeast,11286.54
45,female,25.7,3,no,southwest,9101.8
27,male,28.5,0,yes,northwest,18310.74
47,male,32.3,1,no,southwest,8062.76
51,male,31.6,0,no,northwest,9174.14
58,female,32.4,1,no,northeast,13019.16
40,male,25.0,2,no,southeast,6593.51
53,female,32.3,2,no,northeast,29186.48
34,female,38.0,3,no,southwest,6196.45
58,female,27.2,0,no,northwest,12222.9
48,female,33.3,0,no,southeast,8283.68
40,male,25.1,0,no,southeast,5415.66
55,female,25.4,3,no,northeast,13047.33
59,male,25.5,1,no,northeast,12913.99
57,male,27.9,1,no,southeast,11554.22
57,male,43.7,1,no,southwest,11576.13
36,female,30.0,0,no,northwest,5272.18
37,female,25.6,1,yes,northeast,20296.86
34,female,37.3,2,no,northwest,5989.52
51,female,36.7,2,no,northwest,10848.13
56,female,28.3,0,no,northeast,11657.72
35,male,39.7,4,no,northeast,19496.72
47,male,19.2,1,no,northeast,8627.54
42,female,23.4,0,yes,northeast,19964.75
22,female,31.0,3,yes,southeast,35595.59
41,male,23.9,1,no,northeast,6858.48
19,male,20.4,0,no,northwest,1625.43
37,male,36.2,0,no,southeast,19214.71
56,male,40.3,0,no,southwest,10602.39
40,female,29.8,1,no,southeast,6500.24
33,male,27.1,1,yes,southwest,19040.88
54,male,31.6,0,no,southwest,9850.43
54,female,32.7,0,no,northeast,10923.93
22,male,32.1,0,no,northwest,2055.32
18,male,34.4,0,no,southeast,1137.47
43,male,32.6,2,no,southwest,7441.5
32,female,44.2,0,no,southeast,3994.18
38,male,28.3,1,no,southeast,5484.47
44,female,32.3,1,no,southeast,7633.72
19,female,24.7,0,no,southwest,1737.38
34,male,27.8,1,yes,northwest,20009.63
45,female,30.9,2,no,southwest,8520.03
32,female,41.1,0,no,southwest,3989.84
56,female,35.8,1,no,southwest,11674.13
53,female,22.6,3,yes,northeast,24873.38
59,female,36.5,1,no,southeast,28287.9
62,female,33.0,3,no,northwest,15612.19
22,male,20.0,3,no,northeast,4005.42
39,female,18.3,5,yes,southwest,19023.26
19,male,22.6,0,no,northwest,1628.47
62,female,36.9,1,no,northeast,31620.0
50,female,28.2,3,no,southeast,10702.64
40,female,29.6,0,no,southwest,5910.94
19,female,39.6,1,no,northwest,2730.11
52,male,38.6,2,no,southwest,10325.21
50,male,36.2,0,no,southwest,8457.82
37,female,30.8,2,no,southeast,6313.76
62,male,31.5,1,no,southeast,27000.98
19,female,27.9,0,yes,southwest,16884.92
49,male,36.9,0,no,southeast,8125.78
24,female,30.1,3,no,southwest,4234.93
46,female,30.2,2,no,southwest,8825.09
51,female,21.6,1,no,southeast,9855.13
60,female,32.5,0,yes,southeast,45008.96
21,female,21.9,2,no,southeast,3180.51
49,female,27.1,1,no,southwest,26140.36
32,male,33.8,1,no,northwest,4462.72
25,male,45.5,2,yes,southeast,42112.24
37,male,34.2,1,yes,northeast,39047.29
61,female,29.1,0,yes,northwest,29141.36
63,male,28.3,0,no,northwest,13770.1
52,male,47.7,1,no,southeast,9748.91
36,female,22.1,3,no,northeast,7228.22
58,female,39.1,0,no,southeast,11856.41
19,male,35.4,0,no,southwest,1263.25
18,female,31.4,0,no,southeast,1622.19
34,female,26.4,1,no,northwest,5385.34
49,female,30.8,1,no,northeast,9778.35
19,female,28.6,5,no,southwest,4687.8
53,female,24.8,1,no,northwest,10942.13
58,male,37.0,2,yes,northwest,47496.49
21,male,31.3,0,no,northwest,1909.53
47,female,33.3,0,no,northeast,20878.78
43,female,35.6,1,no,southeast,7345.73
24,female,39.5,0,no,southeast,2480.98
29,male,29.7,2,no,northwest,18157.88
26,female,22.6,0,no,northwest,3176.82
55,male,32.8,0,no,northwest,10601.63
33,male,35.2,0,no,northeast,12404.88
19,male,20.3,0,no,southwest,1242.26
55,male,29.0,0,no,northeast,10796.35
36,female,22.6,2,yes,southwest,18608.26
41,male,28.4,1,no,northwest,6664.69
55,male,29.9,0,no,southwest,10214.64
19,female,28.3,0,yes,southwest,17081.08
19,male,26.0,1,yes,northwest,16450.89
48,male,24.4,0,yes,southeast,21223.68
30,male,27.6,1,no,northeast,4237.13
47,female,29.5,1,no,northwest,8930.93
33,male,22.7,0,no,northwest,21984.47
24,male,23.7,0,no,northwest,2352.97
23,male,32.6,0,no,southeast,1824.29
59,female,27.7,3,no,southeast,14001.13
58,male,25.2,0,no,northeast,11931.13
64,female,31.8,2,no,northeast,16069.08
44,female,43.9,2,yes,southeast,46200.99
33,female,24.3,0,no,southeast,4185.1
39,male,45.4,2,no,southeast,6356.27
44,male,25.4,1,no,northwest,7518.03
28,male,24.0,3,yes,southeast,17663.14
33,female,42.9,3,no,northwest,6360.99
62,male,26.7,0,yes,northeast,28101.33
28,male,30.9,0,no,northwest,3062.51
18,female,35.6,0,no,northeast,2211.13
31,male,31.1,3,no,northwest,5425.02
53,male,20.9,0,yes,southeast,21195.82
27,female,21.5,0,no,northwest,3353.47
54,female,32.3,1,no,northeast,11512.41
52,female,46.8,5,no,southeast,12592.53
28,female,17.3,0,no,northeast,3732.63
56,female,32.3,3,no,northeast,13430.27
37,male,29.6,0,no,northwest,5028.15
37,female,34.8,2,yes,southwest,39836.52
51,female,36.4,3,no,northwest,11436.74
48,female,35.9,1,no,northeast,26392.26
29,female,20.2,2,no,northwest,4906.41
44,female,27.6,0,no,northwest,7421.19
31,male,25.9,3,yes,southwest,19199.94
38,male,28.0,1,no,northeast,6067.13
44,female,36.5,0,no,northeast,12797.21
32,male,28.9,1,yes,southeast,19719.69
19,female,32.1,0,no,northwest,2130.68
52,female,23.2,0,no,northeast,10197.77
32,female,33.2,3,no,northwest,6128.8
55,female,33.5,2,no,northwest,12269.69
52,male,32.2,3,no,northeast,11488.32
61,female,25.1,0,no,southeast,24513.09
58,male,36.1,0,no,southeast,11363.28
57,male,18.3,0,no,northeast,11534.87
43,male,35.3,2,no,southeast,18806.15
58,male,35.7,0,no,southwest,11362.76
53,male,41.5,0,no,southeast,9504.31
33,female,35.5,0,yes,northwest,55135.4
50,male,32.1,2,no,northeast,25333.33
35,female,27.7,3,no,southwest,6414.18
37,male,29.8,2,no,northeast,6406.41
18,female,38.3,0,no,southeast,14133.04
51,female,34.2,1,no,southwest,9872.7
18,male,21.8,2,no,southeast,11884.05
38,female,28.0,3,no,southwest,7151.09
38,male,29.3,2,no,northwest,6457.84
59,female,26.7,3,no,northwest,14382.71
62,female,39.2,0,no,southeast,13470.8
59,female,31.4,0,no,northwest,12622.18
28,male,22.5,2,no,northeast,4428.89
41,female,33.1,2,no,northwest,7749.16
23,female,28.1,0,no,northwest,2690.11
25,female,23.5,0,no,northeast,3206.49
42,male,31.3,0,no,northwest,6358.78
49,male,28.7,1,no,southwest,8703.46
26,male,27.3,3,no,northeast,4661.29
47,male,38.9,2,yes,southeast,44202.65
42,male,26.3,1,no,northwest,6940.91
48,female,32.2,1,no,southeast,8871.15
58,male,32.0,1,no,southeast,11946.63
48,male,32.3,1,no,northwest,8765.25
40,male,34.1,1,no,northeast,6600.21
39,female,41.8,0,no,southeast,5662.23
41,female,32.2,1,no,southwest,6775.96
53,male,31.2,1,no,northwest,10461.98
45,male,28.7,2,no,southwest,8027.97
35,male,38.6,1,no,southwest,4762.33
24,female,30.2,3,no,northwest,4618.08
62,male,30.0,0,no,northwest,13352.1
60,male,40.9,0,yes,southeast,48673.56
25,male,25.7,0,no,southeast,2137.65
38,male,27.8,2,no,northwest,6455.86
63,female,36.9,0,no,southeast,13887.97
45,female,33.1,0,no,southwest,7345.08
53,male,31.4,0,no,southeast,27346.04
32,female,28.9,0,no,southeast,3972.92
31,female,38.1,1,yes,northeast,58571.07
37,male,24.3,2,no,northwest,6198.75
37,male,30.8,0,no,southwest,4646.76
42,female,25.0,2,no,northwest,8017.06
35,male,34.8,2,no,northwest,5729.01
30,male,31.4,1,no,southwest,3659.35
38,female,34.8,2,no,southwest,6571.54
39,male,42.7,0,no,northeast,5757.41
59,female,27.5,0,no,southwest,12233.83
50,male,44.8,1,no,southeast,9058.73
23,male,23.8,0,no,northeast,2395.17
32,female,17.8,2,yes,northwest,32734.19
19,male,25.2,0,no,northwest,1632.04
21,female,34.6,0,no,southwest,2020.18
38,female,20.0,2,no,northeast,7133.9
22,male,31.4,1,no,northwest,2643.27
19,female,28.3,0,yes,northwest,17468.98
30,female,28.4,1,no,northwest,4527.18
49,male,22.5,0,no,northeast,8688.86
29,female,25.6,4,no,southwest,5708.87
44,male,37.1,2,no,southwest,7740.34
57,male,31.5,0,no,northwest,11353.23
44,male,29.7,2,no,northeast,32108.66
22,male,39.5,0,no,southwest,1682.6
52,male,33.3,0,no,northeast,9722.77
41,female,31.6,1,no,northeast,7358.18
31,male,27.6,2,no,northeast,5031.27
63,female,23.1,0,no,northeast,14451.84
33,male,24.6,2,no,northwest,5257.51
24,male,25.8,0,no,southwest,1972.95
33,female,22.1,1,no,northeast,5354.07
57,female,24.0,1,no,southeast,22192.44
24,male,23.4,0,no,southwest,1969.61
29,male,27.2,0,no,southwest,2866.09
51,male,36.0,1,no,southeast,9386.16
54,male,30.8,1,yes,southeast,41999.52
43,male,35.0,1,yes,northeast,41034.22
25,female,41.3,0,no,northeast,17878.9
46,female,27.7,0,no,northwest,8026.67
21,male,36.9,0,no,southeast,1534.3
42,female,41.3,1,no,northeast,7650.77
37,female,34.1,1,no,northwest,6112.35
24,female,26.6,0,no,northeast,3046.06
55,female,27.0,0,no,northwest,11082.58
45,female,36.3,2,no,southeast,8527.53
18,male,28.5,0,no,northeast,1712.23
25,male,24.1,0,yes,northwest,15817.99
52,female,37.5,2,no,northwest,33471.97
57,female,34.3,2,no,northeast,13224.06
58,male,30.3,0,no,northeast,11938.26
55,female,29.7,2,no,southwest,11881.36
39,male,24.5,2,no,northwest,6710.19
29,female,35.5,0,no,southeast,3366.67
54,female,47.4,0,yes,southeast,63770.43
35,male,30.5,1,no,southwest,4751.07
43,female,29.9,1,no,southwest,7337.75
18,female,21.7,0,yes,northeast,14283.46
53,male,34.1,0,yes,northeast,43254.42
23,female,32.8,2,yes,southeast,36021.01
30,male,35.3,0,yes,southwest,36837.47
33,male,24.8,0,yes,northeast,17904.53
33,male,35.8,1,yes,southeast,38282.75
29,male,34.4,0,yes,southwest,36197.7
50,female,31.6,2,no,southwest,10118.42
64,female,39.1,3,no,southeast,16085.13
22,female,39.8,0,no,northeast,2755.02
38,male,20.0,1,no,northwest,5855.9
25,female,34.0,1,no,southeast,3227.12
52,female,24.9,0,no,southeast,27117.99
59,male,37.1,1,no,southwest,12347.17
37,male,29.8,0,no,southwest,20420.6
45,female,27.8,2,no,southeast,8515.76
52,female,24.1,1,yes,northwest,23887.66
19,female,25.7,1,no,northwest,2710.83
61,male,28.3,1,yes,northwest,28868.66
61,female,39.1,2,no,southwest,14235.07
47,female,27.8,0,yes,southeast,23065.42
30,male,25.5,0,no,northeast,3645.09
30,female,43.1,2,no,southeast,4753.64
18,female,30.1,0,no,northeast,21344.85
44,male,34.3,1,no,southeast,7147.47
62,female,25.0,0,no,southwest,13451.12
19,male,20.6,2,no,northwest,2803.7
33,male,29.4,4,no,southwest,6059.17
26,male,30.0,1,no,southwest,2904.09
25,male,33.3,2,yes,southeast,36124.57
57,female,25.7,2,no,southeast,12629.17
56,male,36.1,3,no,southwest,12363.55
46,female,32.3,2,no,northeast,9411.01
18,male,30.0,1,no,southeast,1720.35
18,female,27.3,3,yes,southeast,18223.45
36,male,34.4,0,yes,southeast,37742.58
55,female,30.1,2,no,southeast,11881.97
45,female,30.5,1,yes,northwest,39725.52
26,male,17.7,0,no,northwest,2680.95
33,male,30.3,0,no,southeast,3704.35
23,female,36.7,2,yes,northeast,38511.63
52,male,27.4,0,yes,northwest,24393.62
54,female,27.6,1,no,northwest,11305.93
37,male,37.1,1,yes,southeast,39871.7
58,male,34.9,0,no,northeast,11944.59
22,female,34.6,2,no,northeast,3925.76
38,male,38.4,3,yes,southeast,41949.24
20,female,37.0,5,no,southwest,4830.63
18,male,25.5,0,no,northeast,1708.0
60,male,28.6,0,no,northeast,30260.0
53,male,29.5,0,no,southeast,9487.64
27,male,31.1,1,yes,southeast,34806.47
44,female,26.4,0,no,northwest,7419.48
26,male,35.4,0,no,southeast,2322.62
27,female,36.1,0,yes,southeast,37133.9
18,male,39.1,0,no,northeast,12890.06
62,female,38.1,2,no,northeast,15230.32
51,male,23.2,1,yes,southeast,22218.11
60,female,38.1,0,no,southeast,12648.7
33,female,33.5,0,yes,southwest,37079.37
23,female,28.0,0,no,southwest,13126.68
59,female,27.8,3,no,southeast,14001.29
33,male,42.5,1,no,southeast,11326.71
37,female,38.4,0,yes,southeast,40419.02
53,female,38.1,3,no,southeast,20463.0
34,male,25.3,2,yes,southeast,18972.5
55,male,30.7,0,yes,northeast,42303.69
58,female,29.0,0,no,southwest,11842.44
50,female,25.6,0,no,southwest,8932.08
24,male,32.7,0,yes,southwest,34472.84
43,male,30.1,1,no,southwest,6849.03
61,male,31.6,0,no,southeast,12557.61
58,male,38.0,0,no,southwest,11365.95
40,female,36.2,0,no,southeast,5920.1
28,female,33.4,0,no,southwest,3172.02
63,male,31.4,0,no,northeast,13974.46
25,male,35.6,0,no,northwest,2534.39
43,male,20.1,2,yes,southeast,18767.74
63,female,27.7,0,yes,northeast,29523.17
18,female,30.3,0,no,northeast,2203.74
45,male,30.2,1,no,southwest,7441.05
38,male,37.1,1,no,northeast,6079.67
18,female,20.8,0,no,southeast,1607.51
48,female,31.1,0,no,southeast,8280.62
22,female,30.4,0,no,northeast,2741.95
53,male,24.3,0,no,northwest,9863.47
37,male,46.5,3,no,southeast,6435.62
60,male,24.3,0,no,northwest,12523.6
31,female,21.8,0,no,northwest,4134.08
57,male,40.3,0,no,northeast,20709.02
37,female,47.6,2,yes,southwest,46113.51
21,male,36.9,0,no,northwest,1917.32
51,male,27.7,1,no,northeast,9957.72
24,female,23.2,0,no,southeast,25081.77
52,female,33.3,2,no,southwest,10806.84
62,male,39.9,0,no,southeast,12982.87
45,male,27.5,3,no,southwest,8615.3
47,female,26.6,2,no,northeast,9715.84
31,female,31.1,0,no,northeast,4347.02
57,female,29.8,0,yes,southeast,27533.91
27,male,32.6,3,no,northeast,4846.92
38,male,19.3,0,yes,southwest,15820.7
40,male,22.7,2,no,northeast,7173.36
61,female,36.4,1,yes,northeast,48517.56
26,female,40.2,0,no,northwest,3201.25
48,female,33.1,0,yes,southeast,40974.16
42,male,26.9,0,no,southwest,5969.72
40,male,26.3,1,no,northwest,6389.38
50,female,27.6,1,yes,southwest,24520.26
62,female,30.5,2,no,northwest,15019.76
56,male,25.9,0,no,northeast,11165.42
42,female,26.6,0,yes,northwest,21348.71
29,female,27.9,1,yes,southeast,19107.78
21,female,16.8,1,no,northeast,3167.46
56,male,32.1,1,no,northeast,11763.0
55,male,33.0,0,no,southeast,20781.49
44,female,37.0,1,no,northwest,8023.14
42,female,29.0,1,no,southwest,7050.64
18,female,38.2,0,no,southeast,1631.67
28,female,25.9,1,no,northwest,4133.64
30,female,23.7,3,yes,northwest,18765.88
64,male,40.5,0,no,southeast,13831.12
27,male,45.9,2,no,southwest,3693.43
20,female,33.3,0,no,southwest,1880.49
60,female,25.8,0,no,northwest,28923.14
50,male,25.4,2,no,northwest,30284.64
61,male,23.7,0,no,northeast,13129.6
20,female,29.0,0,no,northwest,2257.48
60,female,30.5,0,no,southwest,12638.2
25,female,30.2,0,yes,southwest,33900.65
22,female,28.1,0,no,southeast,2155.68
18,male,34.1,0,no,southeast,1137.01
38,female,40.2,0,no,southeast,5400.98
27,male,33.2,2,no,northwest,4058.71
58,female,33.0,0,no,northeast,12430.95
46,male,27.6,0,no,southwest,24603.05
34,male,42.9,1,no,southwest,4536.26
23,male,41.9,0,no,southeast,1837.28
43,male,27.8,0,yes,southwest,37829.72
21,male,31.0,0,no,southeast,16586.5
28,female,28.9,1,no,northeast,4337.74
19,male,34.4,0,no,southwest,1261.86
42,female,37.9,0,no,southwest,6474.01
18,female,40.3,0,no,southeast,1634.57
59,female,34.8,2,no,southwest,36910.61
50,male,32.2,0,no,northwest,8835.26
19,female,37.4,0,no,northwest,2138.07
43,female,25.3,1,yes,northeast,21771.34
41,male,37.1,2,no,northwest,7265.7
53,male,26.4,2,no,northeast,11244.38
52,female,30.9,0,no,northeast,23045.57
28,female,33.0,2,no,southeast,4349.46
21,male,22.3,1,no,southwest,2103.08
55,male,21.5,1,no,southwest,10791.96
35,female,38.1,2,no,northeast,24915.05
45,male,21.4,0,no,northwest,7222.79
40,female,27.4,1,no,southwest,6496.89
56,male,31.8,2,yes,southeast,43813.87
53,female,37.4,1,no,northwest,10959.69
21,male,23.8,2,no,northwest,3077.1
59,male,29.7,2,no,southeast,12925.89
26,female,17.2,2,yes,northeast,14455.64
18,female,36.9,0,no,southeast,1629.83
18,male,30.1,0,no,southeast,1131.51
45,female,38.3,0,no,northeast,7935.29
32,male,37.2,2,no,southeast,4673.39
32,male,28.1,4,yes,northwest,21472.48
27,female,20.0,3,yes,northwest,16420.49
56,male,33.7,4,no,southeast,12949.16
60,male,24.3,1,no,northwest,13112.6
44,male,30.2,2,yes,southwest,38998.55
28,male,24.3,5,no,southwest,5615.37
18,female,31.4,4,no,northeast,4561.19
19,female,20.6,0,no,southwest,1731.68
29,male,37.3,2,no,southeast,4058.12
46,female,48.1,2,no,northeast,9432.93
19,male,30.6,0,no,northwest,1639.56
32,male,46.5,2,no,southeast,4686.39
54,female,46.7,2,no,southwest,11538.42
18,female,39.2,0,no,southeast,1633.04
22,male,37.1,2,yes,southeast,37484.45
21,female,26.4,1,no,southwest,2597.78
31,male,25.9,1,no,northwest,4239.89
43,male,36.0,3,yes,southeast,42124.52
31,male,28.6,1,no,northwest,4243.59
36,male,28.6,3,no,northwest,6548.2
27,female,34.8,1,no,southwest,3578.0
49,male,30.3,0,no,southwest,8116.68
39,female,26.3,2,no,northwest,7201.7
19,male,27.7,0,yes,southwest,16297.85
22,female,24.3,0,no,southwest,2150.47
41,female,31.6,0,no,southwest,6186.13
46,female,27.7,1,no,southeast,8232.64
45,male,24.0,2,no,northeast,8604.48
28,female,27.5,2,no,southwest,20177.67
41,male,21.8,1,no,southeast,6272.48
43,female,46.2,0,yes,southeast,45863.21
52,female,37.4,0,no,southwest,9634.54
56,female,33.8,2,no,northwest,12643.38
28,male,35.4,0,no,northeast,3268.85
19,female,28.9,0,yes,northwest,17748.51
63,female,26.2,0,no,northwest,14256.19
46,female,33.7,1,no,northeast,8823.99
29,male,29.0,1,no,northeast,4040.56
54,male,39.6,1,no,southwest,10450.55
38,male,31.0,1,no,southwest,5488.26
56,male,20.0,0,yes,northeast,22412.65
41,male,34.2,2,no,northwest,7261.74
20,male,28.0,1,yes,northwest,17560.38
35,female,26.1,0,no,northeast,5227.99
46,male,25.7,3,no,northwest,9301.89
62,female,33.2,0,no,southwest,13462.52
39,male,26.2,1,no,northwest,6123.57
61,male,33.5,0,no,northeast,13143.34
18,female,26.3,0,no,northeast,2198.19
49,female,36.6,3,no,southeast,10381.48
63,female,35.2,1,no,southeast,14474.68
24,female,24.2,0,no,northwest,2842.76
54,female,31.2,0,no,southeast,10338.93
51,female,25.8,1,no,southwest,9861.03
38,male,16.8,2,no,northeast,6640.54
41,male,34.2,1,no,southeast,6289.75
64,female,31.3,2,yes,southwest,47291.06
62,female,39.2,0,no,southwest,13470.86
36,male,33.8,1,no,northwest,5377.46
33,female,36.3,3,no,northeast,6551.75
29,male,27.9,0,no,southeast,2867.12
19,male,27.8,0,no,northwest,1635.73
22,female,21.3,3,no,northwest,4296.27
18,female,36.9,0,yes,southeast,36149.48
46,male,42.4,3,yes,southeast,46151.12
60,male,28.9,0,no,southwest,12146.97
50,male,31.0,3,no,northwest,10600.55
25,male,25.0,2,no,northeast,23241.47
36,female,29.0,4,no,southeast,7243.81
29,female,31.2,0,no,northeast,3943.6
41,female,33.2,3,no,northeast,8538.29
39,male,35.3,2,yes,southwest,40103.89
56,female,37.5,2,no,southeast,12265.51
43,male,27.4,3,no,northeast,8606.22
30,female,27.9,0,no,northeast,4137.52
49,female,34.8,1,no,northwest,9583.89
60,female,18.3,0,no,northeast,13204.29
26,male,27.1,0,yes,southeast,17043.34
19,female,29.8,0,no,southwest,1744.47
19,female,32.5,0,yes,northwest,36898.73
44,female,27.5,1,no,southwest,7626.99
50,female,33.7,4,no,southwest,11299.34
63,female,21.7,0,no,northeast,14449.85
36,male,27.6,3,no,northeast,6746.74
52,female,38.4,2,no,northeast,11396.9
53,male,28.9,0,no,northwest,9869.81
38,female,27.3,1,no,northeast,6555.07
40,female,25.5,1,no,northeast,7077.19
37,male,34.1,4,yes,southwest,40182.25
40,female,29.3,4,no,southwest,15828.82
54,male,30.2,0,no,northwest,10231.5
61,female,31.2,0,no,northwest,13429.04
32,male,30.8,3,no,southwest,5253.52
56,female,28.8,0,no,northeast,11658.38
19,female,36.6,0,no,northwest,2136.88
45,female,28.6,2,no,southeast,8516.83
51,male,39.7,1,no,southwest,9391.35
26,male,32.9,2,yes,southwest,36085.22
18,male,23.1,0,no,northeast,1704.7
51,female,33.9,0,no,northeast,9866.3
39,male,34.1,2,no,southeast,23563.02
49,male,31.4,1,no,northeast,9290.14
28,female,33.1,0,no,southeast,3171.61
41,male,30.8,3,yes,northeast,39597.41
32,female,37.1,3,no,northeast,6334.34
57,female,23.2,0,no,northwest,11830.61
44,male,27.4,2,no,southwest,7726.85
64,female,26.9,0,yes,northwest,29330.98
21,female,22.1,0,no,northeast,2585.85
20,female,31.8,2,no,southeast,3056.39
55,male,37.7,3,no,northwest,30063.58
18,male,37.3,0,no,southeast,1141.45
34,female,31.9,1,yes,northeast,37701.88
56,male,39.6,0,no,southwest,10601.41
25,female,32.2,1,no,southeast,18218.16
20,male,27.9,0,no,northeast,1967.02
38,female,30.2,3,no,northwest,7537.16
36,female,29.9,0,no,southeast,4889.04
19,male,20.9,1,no,southwest,1832.09
35,male,17.9,1,no,northwest,5116.5
31,male,26.9,1,no,northeast,4441.21
63,female,27.0,0,yes,northwest,28950.47
36,male,28.0,1,yes,northeast,20773.63
63,female,36.3,0,no,southeast,13887.2
57,male,40.4,0,no,southeast,10982.5
53,male,36.6,3,no,southwest,11264.54
41,female,28.1,1,no,southeast,6770.19
32,male,27.8,1,no,northwest,4454.4
42,female,33.2,1,no,northeast,7639.42
39,male,26.4,0,yes,northeast,20149.32
36,male,30.9,1,no,northwest,5373.36
63,male,30.8,0,no,southwest,13390.56
18,female,38.3,0,no,southeast,1631.82
61,male,36.1,3,no,southwest,27941.29
19,male,21.8,0,no,northwest,1627.28
61,male,38.4,0,no,northwest,12950.07
25,female,28.6,0,no,northeast,3213.62
48,female,28.9,1,no,northwest,9249.5
22,male,33.8,0,no,southeast,1674.63
18,male,53.1,0,no,southeast,1163.46
37,female,29.5,2,no,southwest,6311.95
51,male,42.9,2,yes,southeast,47462.89
56,female,25.3,0,no,southwest,11070.54
48,female,22.8,0,no,southwest,8269.04
62,male,37.4,0,no,southwest,12979.36
22,female,27.1,0,no,southwest,2154.36
32,male,30.0,1,no,southeast,4074.45
23,male,27.4,1,no,northwest,2789.06
55,female,32.4,1,no,northeast,11879.1
51,female,20.6,0,no,southwest,9264.8
19,male,31.9,0,yes,northwest,33750.29
45,male,22.9,0,yes,northeast,35069.37
57,female,22.2,0,no,northeast,12029.29
50,male,27.5,1,no,northeast,9617.66
18,female,38.7,2,no,northeast,3393.36
27,male,29.2,0,yes,southeast,18246.5
35,male,27.1,1,no,southwest,4746.34
19,female,24.6,1,no,northwest,2709.24
18,male,29.4,1,no,southeast,1719.44
49,female,23.8,3,yes,northeast,24106.91
46,male,30.5,3,yes,northwest,40720.55
31,male,28.5,5,no,northeast,6799.46
50,male,25.3,0,no,southeast,8442.67
37,female,26.4,0,yes,southeast,19539.24
64,male,39.2,1,no,southeast,14418.28
20,male,31.1,2,no,southeast,2566.47
64,female,33.0,0,no,northwest,14692.67
31,male,20.4,0,no,southwest,3260.2
61,male,33.9,0,no,northeast,13143.86
19,female,32.9,0,no,southwest,1748.77
32,female,20.5,0,no,northeast,4544.23
50,male,26.4,0,no,northwest,8827.21
