age,sex,bmi,children,smoker,region,expenses
38,male,34.7,2,no,southwest,6082.41
26,female,40.2,0,no,northwest,3201.25
50,male,31.0,3,no,northwest,10600.55
60,female,38.1,0,no,southeast,12648.7
42,male,26.3,1,no,northwest,6940.91
42,female,25.0,2,no,northwest,8017.06
62,male,31.5,1,no,southeast,27000.98
25,female,30.2,0,yes,southwest,33900.65
21,female,33.6,2,no,northwest,3579.83
46,male,43.9,3,no,southeast,8944.12
63,male,35.1,0,yes,southeast,47055.53
35,female,26.1,0,no,northeast,5227.99
55,male,27.6,0,no,northwest,10594.5
56,male,32.1,1,no,northeast,11763.0
19,female,35.2,0,no,northwest,2134.9
29,male,27.2,0,no,southwest,2866.09
32,female,41.1,0,no,southwest,3989.84
20,female,31.9,0,no,northwest,2261.57
42,male,26.9,0,no,southwest,5969.72
50,female,44.7,0,no,northeast,9541.7
18,male,38.2,0,yes,southeast,36307.8
29,male,37.3,2,no,southeast,4058.12
31,male,38.4,2,no,southeast,4463.21
52,female,30.8,1,no,northeast,10797.34
62,female,26.3,0,yes,southeast,27808.73
21,female,16.8,1,no,northeast,3167.46
46,female,35.5,0,yes,northeast,42111.66
34,male,35.8,0,no,northwest,4320.41
57,male,27.9,1,no,southeast,11554.22
31,male,39.5,1,no,southeast,3875.73
20,male,27.9,0,no,northeast,1967.02
45,male,21.4,0,no,northwest,7222.79
41,male,28.8,1,no,southwest,6282.24
40,male,32.8,1,yes,northeast,39125.33
42,male,24.9,0,no,southeast,5966.89
32,female,33.2,3,no,northwest,6128.8
37,male,37.1,1,yes,southeast,39871.7
26,male,32.9,2,yes,southwest,36085.22
38,female,30.2,3,no,northwest,7537.16
29,female,27.9,1,yes,southeast,19107.78
24,male,23.4,0,no,southwest,1969.61
58,female,33.1,0,no,southwest,11848.14
48,female,25.9,3,yes,southeast,24180.93
54,female,35.8,3,no,northwest,12495.29
48,female,33.3,0,no,southeast,8283.68
23,female,33.4,0,no,southwest,10795.94
40,female,36.2,0,no,southeast,5920.1
37,male,30.9,3,no,northwest,6796.86
42,male,30.0,0,yes,southwest,22144.03
18,female,33.9,0,no,southeast,11482.63
31,female,23.6,2,no,southwest,4931.65
31,male,25.9,3,yes,southwest,19199.94
22,female,21.3,3,no,northwest,4296.27
63,female,35.2,1,no,southeast,14474.68
36,male,34.4,0,yes,southeast,37742.58
40,male,25.0,2,no,southeast,6593.51
19,male,22.6,0,no,northwest,1628.47
18,male,26.1,0,no,northeast,1708.93
47,female,24.3,0,no,northeast,8534.67
60,female,18.3,0,no,northeast,13204.29
51,female,39.5,1,no,southwest,9880.07
58,male,34.9,0,no,northeast,11944.59
41,female,21.8,1,no,northeast,13725.47
18,male,29.4,1,no,southeast,1719.44
55,male,33.0,0,no,southeast,20781.49
32,female,28.9,0,no,southeast,3972.92
36,female,22.6,2,yes,southwest,18608.26
62,male,37.4,0,no,southwest,12979.36
49,male,31.4,1,no,northeast,9290.14
55,female,26.8,1,no,southwest,35160.13
47,female,29.4,1,no,southeast,8547.69
59,female,23.7,0,yes,northwest,25678.78
62,female,39.2,0,no,southwest,13470.86
47,female,27.8,0,yes,southeast,23065.42
48,female,28.9,0,no,southwest,8277.52
48,female,33.1,0,yes,southeast,40974.16
19,male,29.1,0,yes,northwest,17352.68
34,male,27.8,1,yes,northwest,20009.63
39,female,23.9,5,no,southeast,8582.3
51,male,42.9,2,yes,southeast,47462.89
20,female,33.0,0,no,southeast,1880.07
56,male,22.1,0,no,southwest,10577.09
42,female,33.2,1,no,northeast,7639.42
54,male,33.6,1,no,northwest,10825.25
33,male,30.3,0,no,southeast,3704.35
45,female,33.1,0,no,southwest,7345.08
18,female,38.7,2,no,northeast,3393.36
33,female,18.5,1,no,southwest,4766.02
31,female,31.1,0,no,northeast,4347.02
37,male,29.8,2,no,northeast,6406.41
21,male,26.0,0,no,northeast,2102.26
51,male,25.4,0,no,southwest,8782.47
22,female,23.2,0,no,northeast,2731.91
23,female,24.2,2,no,northeast,22395.74
19,female,27.9,3,no,northwest,18838.7
25,male,24.1,0,yes,northwest,15817.99
61,male,35.9,0,yes,southeast,46599.11
59,male,25.5,0,no,northwest,12124.99
48,male,35.6,4,no,northeast,10736.87
20,male,27.3,0,yes,southwest,16232.85
45,male,22.9,2,yes,northwest,21098.55
30,male,35.5,0,yes,southeast,36950.26
49,male,29.8,1,no,northeast,9288.03
49,female,34.8,1,no,northwest,9583.89
30,female,22.9,1,no,northeast,4719.52
33,female,42.9,3,no,northwest,6360.99
63,male,33.7,3,no,southeast,15161.53
42,female,29.0,1,no,southwest,7050.64
20,male,35.6,3,yes,northwest,37465.34
61,female,21.1,0,no,northwest,13415.04
21,female,25.8,0,no,southwest,2007.95
20,male,39.4,2,yes,southwest,38344.57
33,female,28.3,1,no,southeast,4779.6
19,male,35.4,0,no,southwest,1263.25
41,female,31.6,0,no,southwest,6186.13
53,male,28.6,3,no,southwest,11253.42
52,male,32.8,3,no,northwest,11289.11
62,female,25.0,0,no,southwest,13451.12
52,male,27.4,0,yes,northwest,24393.62
20,female,22.4,0,yes,northwest,14711.74
56,male,31.8,2,yes,southeast,43813.87
34,female,37.3,2,no,northwest,5989.52
19,male,24.6,1,no,southwest,1837.24
22,male,34.8,3,no,southwest,3443.06
64,female,33.0,0,no,northwest,14692.67
63,female,36.3,0,no,southeast,13887.2
41,male,34.2,1,no,southeast,6289.75
42,male,34.1,0,no,southwest,5979.73
46,female,33.4,1,no,southeast,8240.59
53,female,38.1,3,no,southeast,20463.0
43,female,26.7,2,yes,southwest,22478.6
43,male,27.4,3,no,northeast,8606.22
52,female,23.2,0,no,northeast,10197.77
18,male,30.1,0,no,southeast,1131.51
38,female,34.8,2,no,southwest,6571.54
36,female,29.9,1,no,southeast,5478.04
28,male,24.3,5,no,southwest,5615.37
24,female,25.3,0,no,northeast,3044.21
39,female,32.8,0,no,southwest,5649.72
19,male,33.1,0,no,southwest,23082.96
26,male,33.9,1,no,northwest,3292.53
47,male,29.8,3,no,northwest,9620.33
18,male,28.3,1,no,northeast,11272.33
28,female,17.3,0,no,northeast,3732.63
51,male,23.2,1,yes,southeast,22218.11
47,female,29.5,1,no,northwest,8930.93
52,female,46.8,5,no,southeast,12592.53
28,female,23.8,2,no,northwest,4719.74
52,female,25.3,2,yes,southeast,24667.42
29,male,38.9,1,no,southeast,3471.41
38,female,40.6,1,no,northwest,6373.56
49,male,22.5,0,no,northeast,8688.86
36,female,29.0,4,no,southeast,7243.81
64,female,31.3,2,yes,southwest,47291.06
58,female,36.5,0,no,northwest,12235.84
47,female,26.6,2,no,northeast,9715.84
47,male,28.2,4,no,northeast,10407.09
39,male,26.4,0,yes,northeast,20149.32
34,male,27.0,2,no,southwest,11737.85
21,female,21.9,2,no,southeast,3180.51
63,female,27.7,0,yes,northeast,29523.17
44,male,34.3,1,no,southeast,7147.47
18,female,28.2,0,no,northeast,2200.83
19,female,20.6,0,no,southwest,1731.68
38,male,19.3,0,yes,southwest,15820.7
62,male,32.1,0,no,northeast,13555.0
19,male,20.3,0,no,southwest,1242.26
44,male,21.9,3,no,northeast,8891.14
37,male,29.8,0,no,southwest,20420.6
43,male,30.1,3,no,northwest,8410.05
61,male,33.9,0,no,northeast,13143.86
47,male,38.9,2,yes,southeast,44202.65
29,female,31.2,0,no,northeast,3943.6
39,female,41.8,0,no,southeast,5662.23
42,female,23.4,0,yes,northeast,19964.75
35,male,34.3,3,no,southeast,5934.38
62,male,38.8,0,no,southeast,12981.35
34,male,30.8,0,yes,southwest,35491.64
29,male,29.0,1,no,northeast,4040.56
54,male,29.2,1,no,southwest,10436.1
59,male,41.1,1,yes,southeast,48970.25
19,female,34.7,2,yes,southwest,36397.58
25,male,26.7,4,no,northwest,4877.98
44,female,27.6,0,no,northwest,7421.19
48,female,35.9,1,no,northeast,26392.26
26,male,31.1,0,no,northwest,2699.57
48,female,31.1,0,no,southeast,8280.62
19,female,21.7,0,yes,southwest,13844.51
48,male,30.8,3,no,northeast,10141.14
50,male,26.4,0,no,northwest,8827.21
19,male,25.2,0,no,northwest,1632.04
43,female,34.4,3,no,southwest,8522.0
53,male,20.9,0,yes,southeast,21195.82
51,female,38.1,0,yes,southeast,44400.41
25,male,35.6,0,no,northwest,2534.39
58,male,36.1,0,no,southeast,11363.28
52,female,37.4,0,no,southwest,9634.54
23,female,28.5,1,yes,southeast,18328.24
29,male,22.9,0,yes,northeast,16138.76
30,female,27.7,0,no,southwest,3554.2
63,male,41.3,3,no,northwest,15555.19
36,female,27.7,0,no,northeast,5469.01
64,female,26.9,0,yes,northwest,29330.98
37,female,25.6,1,yes,northeast,20296.86
44,female,25.0,1,no,southwest,7623.52
42,female,41.3,1,no,northeast,7650.77
35,female,28.0,0,yes,northwest,20234.85
51,male,30.0,1,no,southeast,9377.9
44,male,39.5,0,no,northwest,6948.7
53,female,35.9,2,no,southwest,11163.57
20,female,33.3,0,no,southwest,1880.49
52,female,37.5,2,no,northwest,33471.97
43,male,20.1,2,yes,southeast,18767.74
18,male,34.4,0,no,southeast,1137.47
25,female,42.1,1,no,southeast,3238.44
35,male,36.7,1,yes,northeast,39774.28
60,female,25.8,0,no,northwest,28923.14
40,female,28.7,3,no,northwest,8059.68
58,male,35.7,0,no,southwest,11362.76
52,female,33.3,2,no,southwest,10806.84
29,female,21.8,1,yes,northeast,16657.72
46,female,27.7,1,no,southeast,8232.64
51,male,39.7,1,no,southwest,9391.35
36,male,33.4,2,yes,southwest,38415.47
60,male,28.9,0,no,southwest,12146.97
49,female,36.6,3,no,southeast,10381.48
28,male,33.0,3,no,southeast,4449.46
31,male,25.9,1,no,northwest,4239.89
29,male,32.1,2,no,northwest,4433.92
23,male,50.4,1,no,southeast,2438.06
25,female,26.8,2,no,northwest,4189.11
50,female,25.6,0,no,southwest,8932.08
18,male,43.0,0,no,southeast,1149.4
31,male,29.8,0,yes,southeast,19350.37
52,male,34.5,3,yes,northwest,60021.4
30,female,39.1,3,yes,southeast,40932.43
61,male,32.3,2,no,northwest,14119.62
57,female,30.5,0,no,northwest,11840.78
18,male,21.8,2,no,southeast,11884.05
27,male,42.1,0,yes,southeast,39611.76
63,female,25.1,0,no,northwest,14254.61
47,female,36.6,1,yes,southeast,42969.85
25,male,25.8,1,no,northeast,3309.79
54,male,40.6,3,yes,northeast,48549.18
37,male,30.8,0,no,southwest,4646.76
45,male,30.4,0,yes,southeast,62592.87
18,male,34.1,0,no,southeast,1137.01
24,male,29.3,0,no,southwest,1977.82
55,female,40.8,3,no,southeast,12485.8
26,male,29.2,1,no,southeast,2902.91
55,female,37.1,0,no,southwest,10713.64
46,male,26.6,1,no,southeast,7742.11
64,male,33.9,0,yes,southeast,46889.26
50,female,27.8,3,no,southeast,19749.38
61,female,22.0,0,no,northeast,13616.36
64,male,37.0,2,yes,southeast,49577.66
60,male,37.0,0,no,northeast,12741.17
46,female,34.6,1,yes,southwest,41661.6
20,female,21.8,0,yes,southwest,20167.34
21,female,35.7,0,no,northwest,2404.73
60,male,28.6,0,no,northeast,30260.0
31,male,26.9,1,no,northeast,4441.21
18,male,25.2,0,yes,northeast,15518.18
43,female,34.6,1,no,northwest,7727.25
19,male,25.6,0,no,northwest,1632.56
56,female,28.8,0,no,northeast,11658.38
43,female,32.6,3,yes,southeast,40941.29
41,female,31.0,0,no,southeast,6185.32
